...1,baseMean,log2FoldChange,lfcSE,stat,pvalue,padj,symbol,log10_padj,sig,bigfc
ENSG00000004799,945.14667312654,-2.82518728936952,0.700951003226368,-4.03050609295888,5.56568861282192e-5,0.00836993941389758,PDK4,2.077277685651327,TRUE,TRUE
ENSG00000019549,600.485565890395,-3.51200437907308,0.869144825150081,-4.04075854500617,5.32785915461257e-5,0.00815162450655724,SNAI2,2.0887558337226837,TRUE,TRUE
ENSG00000095637,289.660960534317,-2.17754094312182,0.39246882188745,-5.54831574301789,2.88434639767705e-8,2.20652499422294e-5,SORBS1,4.656291148755368,TRUE,TRUE
ENSG00000096060,6115.68404873878,-2.34575381938487,0.287711963845443,-8.15313269574355,3.54616137824071e-16,3.1197354725072597e-12,FKBP5,11.50588222896259,TRUE,TRUE
ENSG00000100003,572.466894917686,-2.33864449981548,0.384924959993189,-6.07558548517317,1.23536146970256e-9,1.67201423533973e-6,SEC14L2,5.7767600293472565,TRUE,TRUE
ENSG00000100344,103.884216231535,-2.85559538409628,0.529494044198125,-5.39306421929795,6.92661828308345e-8,4.06246162302844e-5,PNPLA3,4.391210728655704,TRUE,TRUE
ENSG00000105219,22.7571073221766,-2.03636741402626,0.424050801754966,-4.80217795980719,1.56949109779044e-6,5.753165805338e-4,CCNP,3.2400931094951475,TRUE,TRUE
ENSG00000105997,121.040912853654,2.43316576754732,0.619096217410602,3.93019000782164,8.48787601166023e-5,0.0120438853568679,HOXA3,1.9192333870945675,TRUE,TRUE
ENSG00000107249,33.7643046018324,-4.52575684004465,1.05024047667986,-4.30925768006199,1.63803425807468e-5,0.00327513781486636,GLIS3,2.484770420564808,TRUE,TRUE
ENSG00000107954,86.8559605403825,-2.77080641173837,0.607936313770097,-4.55772479613087,5.17107320911796e-6,0.0013579855688721,NEURL1,2.8671048452193726,TRUE,TRUE
ENSG00000109906,128.472898390382,-4.08114899731734,0.602873027417577,-6.76950006338657,1.2922815703177e-11,3.78961570495665e-8,ZBTB16,7.421404828469598,TRUE,TRUE
ENSG00000112139,153.80037535967,-2.58962839914324,0.614373034706265,-4.2150749672491,2.49695231577041e-5,0.00430724274470395,MDGA1,2.365800651869926,TRUE,TRUE
ENSG00000113231,103.21392761307,-2.14025970379883,0.471341027380365,-4.54078804829285,5.60443515895702e-6,0.00145014759738013,PDE8B,2.8385877926163996,TRUE,TRUE
ENSG00000116741,132.162805074514,-2.17421107776417,0.466209922046681,-4.66358817122401,3.10742953259563e-6,9.3121052378569e-4,RGS2,3.030952124622636,TRUE,TRUE
ENSG00000118515,415.549380970947,-3.24345921223223,0.421345672244943,-7.69785813854685,1.3836585768049999e-14,6.086368164721e-11,SGK1,10.215641780687886,TRUE,TRUE
ENSG00000120318,394.431775016513,-3.37906499307316,0.391296842018101,-8.63555395858996,5.844312775707979e-18,1.02830683288582e-13,ARAP3,12.98787727838906,TRUE,TRUE
ENSG00000125089,912.867416069172,-2.33255701133749,0.349684880205193,-6.67045429578985,2.5501278436701397e-11,6.40992848705374e-8,SH3TC1,7.1931468156997775,TRUE,TRUE
ENSG00000128512,382.167774807367,-2.41088362412166,0.46316010575351,-5.20529206676689,1.93691722945608e-7,9.46668295896659e-5,DOCK4,4.023802167244822,TRUE,TRUE
ENSG00000129451,380.206452945983,-2.50872110399508,0.608838052523509,-4.12050641972351,3.780405326935e-5,0.0061589103451316,KLK10,2.2104961178610396,TRUE,TRUE
ENSG00000134531,2338.21619219372,-4.04746920647924,0.667768438660631,-6.0611867410167,1.35120841945059e-9,1.69679065994646e-6,EMP1,5.770371735076641,TRUE,TRUE
ENSG00000135842,627.925676463677,-2.059425032079,0.478905553357213,-4.30027385909825,1.70587169363125e-5,0.00337245083701593,NIBAN1,2.472054372677058,TRUE,TRUE
ENSG00000138347,48.6835855730831,-2.07820470596312,0.506675272068878,-4.10165015055363,4.10214179112481e-5,0.006593875203574,MYPN,2.180859276621445,TRUE,TRUE
ENSG00000138795,3541.54241042124,-2.3734703222926,0.458535210265955,-5.1762008001871,2.26449735448056e-7,1.0768602960023e-4,LEF1,3.967840635244958,TRUE,TRUE
ENSG00000145569,267.286843266194,-2.69296392335938,0.443115692848643,-6.07733819140372,1.22193878911537e-9,1.67201423533973e-6,OTULINL,5.7767600293472565,TRUE,TRUE
ENSG00000146021,84.3124575660227,-4.65545399640395,1.31235297445012,-3.5474099476588,3.8903872342361e-4,0.0400300370680616,KLHL3,1.3976140077353356,TRUE,TRUE
ENSG00000147642,310.229752279416,-2.13573032446251,0.394525934789273,-5.41340919856957,6.18359580524531e-8,3.75173683425142e-5,SYBU,4.425767632830508,TRUE,TRUE
ENSG00000155850,1079.60415066033,-2.30244248482468,0.296803675272669,-7.75745948128659,8.664754811701221e-15,5.08187869706277e-11,SLC26A2,10.293975705642401,TRUE,TRUE
ENSG00000156427,18.280090823641,-3.09513422081593,0.747095908977633,-4.14288739052457,3.42960369167434e-5,0.00569281858066132,FGF18,2.244672656109956,TRUE,TRUE
ENSG00000160862,3415.43826941275,-3.06575319287389,0.565504021055179,-5.42127567396157,5.91752218086383e-8,3.71852867043926e-5,AZGP1,4.429628865685019,TRUE,TRUE
ENSG00000161298,191.796145457084,-2.79436973601705,0.666883306819076,-4.19019295796401,2.78717334344738e-5,0.00471541490172661,ZNF382,2.3264800883767327,TRUE,TRUE
ENSG00000167653,23461.9123114003,-2.51820998400545,0.458148911899892,-5.4964879727919,3.87429505103043e-8,2.72672885691522e-5,PSCA,4.564358045703437,TRUE,TRUE
ENSG00000179094,777.577737205686,-2.00792661910412,0.326029384898817,-6.15872897385393,7.33311004801452e-10,1.17296428449832e-6,PER1,5.930715211483314,TRUE,TRUE
ENSG00000182585,38.3324500562488,-3.42221067368468,0.811449392023926,-4.21740493901778,2.47129947319718e-5,0.00430519942880241,EPGN,2.366006726016979,TRUE,TRUE
ENSG00000182902,73.2770892366994,-2.07873058654644,0.415233346547496,-5.0061744891885,5.55224297380462e-7,2.3827247591242e-4,SLC25A18,3.6229261223607936,TRUE,TRUE
ENSG00000204103,232.20596622457,-2.76259205106645,0.439876447807753,-6.28038183184073,3.3774250592835603e-10,6.817824952479e-7,MAFB,6.166354153466231,TRUE,TRUE
ENSG00000225840,27786.2257626977,-3.04168834355243,0.748119697945018,-4.06577764481744,4.78725631932123e-5,0.00752069419093367,NA,2.123742070395408,TRUE,TRUE
ENSG00000234852,81.6068303023941,6.6561818706183304,1.26577221861718,5.25859374437055,1.45161180766762e-7,7.29745993026049e-5,ZBTB12,4.136828281007921,TRUE,TRUE
ENSG00000237900,81.6068303023941,6.6561818706183304,1.26577221861718,5.25859374437055,1.45161180766762e-7,7.29745993026049e-5,ZBTB12,4.136828281007921,TRUE,TRUE
ENSG00000250264,68.699632656322,6.11395692895964,1.32688469823878,4.60775298492393,4.07043810367976e-6,0.00115515094248783,NA,2.9373612632121344,TRUE,TRUE
ENSG00000271605,26.3231457906582,-4.74875145808942,1.29198903639315,-3.67553541425283,2.3735111158271e-4,0.0269431794083727,MILR1,1.569551157015457,TRUE,TRUE
ENSG00000274810,28.1381792013378,-3.85521821011668,1.09964816878735,-3.50586516628138,4.5512571386637e-4,0.0454996416788569,NPHP3-ACAD11,1.3419920235078977,TRUE,TRUE
ENSG00000276879,37.9068704071496,3.9558234749138,0.964714159652874,4.10051354106504,4.12234312243899e-5,0.006593875203574,IFI27L2,2.180859276621445,TRUE,TRUE
ENSG00000283342,9.11434629667637,-4.13720819285534,1.14723989153932,-3.60622762803708,3.1068063241486e-4,0.0335943937818362,NA,1.473733191442197,TRUE,TRUE
